caseID,Activity,Calibrated Start Time,Calibrated Complete Time,TimeStamp
0,a,0:00:01,0:00:02,
0,e,0:00:02,0:00:03,
0,i,0:00:03,0:00:04,
0,h,0:00:04,0:00:05,
0,d,0:00:05,0:00:06,
0,b,0:00:06,0:00:07,
0,f,0:00:07,0:00:08,
0,i,0:00:08,0:00:09,
0,d,0:00:09,0:00:10,
0,l,0:00:10,0:00:11,
0,o,0:00:11,0:00:12,
1,a,0:00:12,0:00:13,
1,i,0:00:13,0:00:14,
1,e,0:00:14,0:00:15,
1,h,0:00:15,0:00:16,
1,e,0:00:16,0:00:17,
1,f,0:00:17,0:00:18,
1,d,0:00:18,0:00:19,
1,d,0:00:19,0:00:20,
1,n,0:00:20,0:00:21,
1,m,0:00:21,0:00:22,
1,o,0:00:22,0:00:23,
2,a,0:00:23,0:00:24,
2,c,0:00:24,0:00:25,
2,j,0:00:25,0:00:26,
2,i,0:00:26,0:00:27,
2,d,0:00:27,0:00:28,
2,h,0:00:28,0:00:29,
2,c,0:00:29,0:00:30,
2,k,0:00:30,0:00:31,
2,d,0:00:31,0:00:32,
2,f,0:00:32,0:00:33,
2,l,0:00:33,0:00:34,
2,d,0:00:34,0:00:35,
2,n,0:00:35,0:00:36,
2,o,0:00:36,0:00:37,
3,a,0:00:37,0:00:38,
3,h,0:00:38,0:00:39,
3,j,0:00:39,0:00:40,
3,g,0:00:40,0:00:41,
3,h,0:00:41,0:00:42,
3,g,0:00:42,0:00:43,
3,f,0:00:43,0:00:44,
3,e,0:00:44,0:00:45,
3,d,0:00:45,0:00:46,
3,n,0:00:46,0:00:47,
3,o,0:00:47,0:00:48,
4,a,0:00:48,0:00:49,
4,c,0:00:49,0:00:50,
4,c,0:00:50,0:00:51,
4,i,0:00:51,0:00:52,
4,c,0:00:52,0:00:53,
4,h,0:00:53,0:00:54,
4,e,0:00:54,0:00:55,
4,d,0:00:55,0:00:56,
4,f,0:00:56,0:00:57,
4,d,0:00:57,0:00:58,
4,n,0:00:58,0:00:59,
4,o,0:00:59,0:01:00,
5,a,0:01:00,0:01:01,
5,c,0:01:01,0:01:02,
5,j,0:01:02,0:01:03,
5,e,0:01:03,0:01:04,
5,e,0:01:04,0:01:05,
5,h,0:01:05,0:01:06,
5,g,0:01:06,0:01:07,
5,c,0:01:07,0:01:08,
5,e,0:01:08,0:01:09,
5,f,0:01:09,0:01:10,
5,d,0:01:10,0:01:11,
5,d,0:01:11,0:01:12,
5,n,0:01:12,0:01:13,
5,e,0:01:13,0:01:14,
5,o,0:01:14,0:01:15,
6,a,0:01:15,0:01:16,
6,c,0:01:16,0:01:17,
6,b,0:01:17,0:01:18,
6,j,0:01:18,0:01:19,
6,c,0:01:19,0:01:20,
6,h,0:01:20,0:01:21,
6,i,0:01:21,0:01:22,
6,f,0:01:22,0:01:23,
6,d,0:01:23,0:01:24,
6,d,0:01:24,0:01:25,
6,n,0:01:25,0:01:26,
6,o,0:01:26,0:01:27,
7,a,0:01:27,0:01:28,
7,c,0:01:28,0:01:29,
7,j,0:01:29,0:01:30,
7,g,0:01:30,0:01:31,
7,e,0:01:31,0:01:32,
7,d,0:01:32,0:01:33,
7,h,0:01:33,0:01:34,
7,k,0:01:34,0:01:35,
7,f,0:01:35,0:01:36,
7,l,0:01:36,0:01:37,
7,n,0:01:37,0:01:38,
7,e,0:01:38,0:01:39,
7,o,0:01:39,0:01:40,
8,a,0:01:40,0:01:41,
8,c,0:01:41,0:01:42,
8,j,0:01:42,0:01:43,
8,g,0:01:43,0:01:44,
8,b,0:01:44,0:01:45,
8,c,0:01:45,0:01:46,
8,h,0:01:46,0:01:47,
8,b,0:01:47,0:01:48,
8,k,0:01:48,0:01:49,
8,f,0:01:49,0:01:50,
8,h,0:01:50,0:01:51,
8,d,0:01:51,0:01:52,
8,n,0:01:52,0:01:53,
8,o,0:01:53,0:01:54,
9,a,0:01:54,0:01:55,
9,c,0:01:55,0:01:56,
9,g,0:01:56,0:01:57,
9,h,0:01:57,0:01:58,
9,k,0:01:58,0:01:59,
9,f,0:01:59,0:02:00,
9,d,0:02:00,0:02:01,
9,n,0:02:01,0:02:02,
9,o,0:02:02,0:02:03,
10,a,0:02:03,0:02:04,
10,j,0:02:04,0:02:05,
10,g,0:02:05,0:02:06,
10,h,0:02:06,0:02:07,
10,c,0:02:07,0:02:08,
10,i,0:02:08,0:02:09,
10,f,0:02:09,0:02:10,
10,d,0:02:10,0:02:11,
10,n,0:02:11,0:02:12,
10,e,0:02:12,0:02:13,
10,o,0:02:13,0:02:14,
11,a,0:02:14,0:02:15,
11,c,0:02:15,0:02:16,
11,c,0:02:16,0:02:17,
11,i,0:02:17,0:02:18,
11,j,0:02:18,0:02:19,
11,h,0:02:19,0:02:20,
11,d,0:02:20,0:02:21,
11,b,0:02:21,0:02:22,
11,f,0:02:22,0:02:23,
11,k,0:02:23,0:02:24,
11,d,0:02:24,0:02:25,
11,n,0:02:25,0:02:26,
11,o,0:02:26,0:02:27,
12,a,0:02:27,0:02:28,
12,c,0:02:28,0:02:29,
12,j,0:02:29,0:02:30,
12,g,0:02:30,0:02:31,
12,e,0:02:31,0:02:32,
12,e,0:02:32,0:02:33,
12,h,0:02:33,0:02:34,
12,j,0:02:34,0:02:35,
12,e,0:02:35,0:02:36,
12,f,0:02:36,0:02:37,
12,e,0:02:37,0:02:38,
12,d,0:02:38,0:02:39,
12,e,0:02:39,0:02:40,
12,n,0:02:40,0:02:41,
12,o,0:02:41,0:02:42,
13,a,0:02:42,0:02:43,
13,c,0:02:43,0:02:44,
13,c,0:02:44,0:02:45,
13,h,0:02:45,0:02:46,
13,e,0:02:46,0:02:47,
13,f,0:02:47,0:02:48,
13,d,0:02:48,0:02:49,
13,d,0:02:49,0:02:50,
13,n,0:02:50,0:02:51,
13,o,0:02:51,0:02:52,
14,a,0:02:52,0:02:53,
14,b,0:02:53,0:02:54,
14,c,0:02:54,0:02:55,
14,j,0:02:55,0:02:56,
14,c,0:02:56,0:02:57,
14,h,0:02:57,0:02:58,
14,d,0:02:58,0:02:59,
14,f,0:02:59,0:03:00,
14,l,0:03:00,0:03:01,
14,d,0:03:01,0:03:02,
14,n,0:03:02,0:03:03,
14,e,0:03:03,0:03:04,
14,o,0:03:04,0:03:05,
15,a,0:03:05,0:03:06,
15,j,0:03:06,0:03:07,
15,c,0:03:07,0:03:08,
15,d,0:03:08,0:03:09,
15,h,0:03:09,0:03:10,
15,e,0:03:10,0:03:11,
15,f,0:03:11,0:03:12,
15,d,0:03:12,0:03:13,
15,n,0:03:13,0:03:14,
15,o,0:03:14,0:03:15,
16,a,0:03:15,0:03:16,
16,b,0:03:16,0:03:17,
16,j,0:03:17,0:03:18,
16,e,0:03:18,0:03:19,
16,i,0:03:19,0:03:20,
16,h,0:03:20,0:03:21,
16,e,0:03:21,0:03:22,
16,f,0:03:22,0:03:23,
16,d,0:03:23,0:03:24,
16,n,0:03:24,0:03:25,
16,o,0:03:25,0:03:26,
17,a,0:03:26,0:03:27,
17,c,0:03:27,0:03:28,
17,j,0:03:28,0:03:29,
17,i,0:03:29,0:03:30,
17,b,0:03:30,0:03:31,
17,h,0:03:31,0:03:32,
17,i,0:03:32,0:03:33,
17,e,0:03:33,0:03:34,
17,f,0:03:34,0:03:35,
17,d,0:03:35,0:03:36,
17,n,0:03:36,0:03:37,
17,m,0:03:37,0:03:38,
17,o,0:03:38,0:03:39,
18,a,0:03:39,0:03:40,
18,e,0:03:40,0:03:41,
18,j,0:03:41,0:03:42,
18,i,0:03:42,0:03:43,
18,e,0:03:43,0:03:44,
18,h,0:03:44,0:03:45,
18,f,0:03:45,0:03:46,
18,d,0:03:46,0:03:47,
18,k,0:03:47,0:03:48,
18,d,0:03:48,0:03:49,
18,l,0:03:49,0:03:50,
18,n,0:03:50,0:03:51,
18,m,0:03:51,0:03:52,
18,o,0:03:52,0:03:53,
19,a,0:03:53,0:03:54,
19,e,0:03:54,0:03:55,
19,b,0:03:55,0:03:56,
19,j,0:03:56,0:03:57,
19,g,0:03:57,0:03:58,
19,e,0:03:58,0:03:59,
19,h,0:03:59,0:04:00,
19,i,0:04:00,0:04:01,
19,e,0:04:01,0:04:02,
19,f,0:04:02,0:04:03,
19,e,0:04:03,0:04:04,
19,d,0:04:04,0:04:05,
19,n,0:04:05,0:04:06,
19,m,0:04:06,0:04:07,
19,o,0:04:07,0:04:08,
20,a,0:04:08,0:04:09,
20,b,0:04:09,0:04:10,
20,c,0:04:10,0:04:11,
20,j,0:04:11,0:04:12,
20,g,0:04:12,0:04:13,
20,e,0:04:13,0:04:14,
20,h,0:04:14,0:04:15,
20,e,0:04:15,0:04:16,
20,c,0:04:16,0:04:17,
20,e,0:04:17,0:04:18,
20,n,0:04:18,0:04:19,
20,o,0:04:19,0:04:20,
21,a,0:04:20,0:04:21,
21,e,0:04:21,0:04:22,
21,c,0:04:22,0:04:23,
21,g,0:04:23,0:04:24,
21,j,0:04:24,0:04:25,
21,b,0:04:25,0:04:26,
21,e,0:04:26,0:04:27,
21,h,0:04:27,0:04:28,
21,i,0:04:28,0:04:29,
21,e,0:04:29,0:04:30,
21,f,0:04:30,0:04:31,
21,d,0:04:31,0:04:32,
21,d,0:04:32,0:04:33,
21,m,0:04:33,0:04:34,
21,o,0:04:34,0:04:35,
22,a,0:04:35,0:04:36,
22,b,0:04:36,0:04:37,
22,j,0:04:37,0:04:38,
22,c,0:04:38,0:04:39,
22,d,0:04:39,0:04:40,
22,h,0:04:40,0:04:41,
22,k,0:04:41,0:04:42,
22,j,0:04:42,0:04:43,
22,f,0:04:43,0:04:44,
22,d,0:04:44,0:04:45,
22,n,0:04:45,0:04:46,
22,c,0:04:46,0:04:47,
22,o,0:04:47,0:04:48,
23,a,0:04:48,0:04:49,
23,b,0:04:49,0:04:50,
23,e,0:04:50,0:04:51,
23,c,0:04:51,0:04:52,
23,j,0:04:52,0:04:53,
23,g,0:04:53,0:04:54,
23,b,0:04:54,0:04:55,
23,e,0:04:55,0:04:56,
23,e,0:04:56,0:04:57,
23,h,0:04:57,0:04:58,
23,b,0:04:58,0:04:59,
23,k,0:04:59,0:05:00,
23,b,0:05:00,0:05:01,
23,f,0:05:01,0:05:02,
23,d,0:05:02,0:05:03,
23,n,0:05:03,0:05:04,
23,o,0:05:04,0:05:05,
24,a,0:05:05,0:05:06,
24,c,0:05:06,0:05:07,
24,j,0:05:07,0:05:08,
24,h,0:05:08,0:05:09,
24,b,0:05:09,0:05:10,
24,i,0:05:10,0:05:11,
24,e,0:05:11,0:05:12,
24,f,0:05:12,0:05:13,
24,h,0:05:13,0:05:14,
24,d,0:05:14,0:05:15,
24,n,0:05:15,0:05:16,
24,o,0:05:16,0:05:17,
25,a,0:05:17,0:05:18,
25,e,0:05:18,0:05:19,
25,i,0:05:19,0:05:20,
25,i,0:05:20,0:05:21,
25,h,0:05:21,0:05:22,
25,c,0:05:22,0:05:23,
25,i,0:05:23,0:05:24,
25,f,0:05:24,0:05:25,
25,d,0:05:25,0:05:26,
25,n,0:05:26,0:05:27,
25,e,0:05:27,0:05:28,
25,o,0:05:28,0:05:29,
26,a,0:05:29,0:05:30,
26,c,0:05:30,0:05:31,
26,c,0:05:31,0:05:32,
26,d,0:05:32,0:05:33,
26,h,0:05:33,0:05:34,
26,c,0:05:34,0:05:35,
26,k,0:05:35,0:05:36,
26,g,0:05:36,0:05:37,
26,d,0:05:37,0:05:38,
26,f,0:05:38,0:05:39,
26,d,0:05:39,0:05:40,
26,n,0:05:40,0:05:41,
26,o,0:05:41,0:05:42,
27,a,0:05:42,0:05:43,
27,b,0:05:43,0:05:44,
27,c,0:05:44,0:05:45,
27,b,0:05:45,0:05:46,
27,g,0:05:46,0:05:47,
27,j,0:05:47,0:05:48,
27,g,0:05:48,0:05:49,
27,d,0:05:49,0:05:50,
27,h,0:05:50,0:05:51,
27,c,0:05:51,0:05:52,
27,d,0:05:52,0:05:53,
27,i,0:05:53,0:05:54,
27,e,0:05:54,0:05:55,
27,f,0:05:55,0:05:56,
27,d,0:05:56,0:05:57,
27,d,0:05:57,0:05:58,
27,n,0:05:58,0:05:59,
27,o,0:05:59,0:06:00,
28,a,0:06:00,0:06:01,
28,j,0:06:01,0:06:02,
28,c,0:06:02,0:06:03,
28,h,0:06:03,0:06:04,
28,k,0:06:04,0:06:05,
28,e,0:06:05,0:06:06,
28,f,0:06:06,0:06:07,
28,d,0:06:07,0:06:08,
28,d,0:06:08,0:06:09,
28,n,0:06:09,0:06:10,
28,o,0:06:10,0:06:11,
29,a,0:06:11,0:06:12,
29,b,0:06:12,0:06:13,
29,e,0:06:13,0:06:14,
29,c,0:06:14,0:06:15,
29,j,0:06:15,0:06:16,
29,h,0:06:16,0:06:17,
29,e,0:06:17,0:06:18,
29,g,0:06:18,0:06:19,
29,f,0:06:19,0:06:20,
29,d,0:06:20,0:06:21,
29,n,0:06:21,0:06:22,
29,o,0:06:22,0:06:23,
30,a,0:06:23,0:06:24,
30,c,0:06:24,0:06:25,
30,b,0:06:25,0:06:26,
30,d,0:06:26,0:06:27,
30,g,0:06:27,0:06:28,
30,c,0:06:28,0:06:29,
30,e,0:06:29,0:06:30,
30,g,0:06:30,0:06:31,
30,f,0:06:31,0:06:32,
30,d,0:06:32,0:06:33,
30,e,0:06:33,0:06:34,
30,n,0:06:34,0:06:35,
30,o,0:06:35,0:06:36,
31,a,0:06:36,0:06:37,
31,c,0:06:37,0:06:38,
31,h,0:06:38,0:06:39,
31,k,0:06:39,0:06:40,
31,f,0:06:40,0:06:41,
31,d,0:06:41,0:06:42,
31,d,0:06:42,0:06:43,
31,n,0:06:43,0:06:44,
31,o,0:06:44,0:06:45,
32,a,0:06:45,0:06:46,
32,e,0:06:46,0:06:47,
32,g,0:06:47,0:06:48,
32,e,0:06:48,0:06:49,
32,j,0:06:49,0:06:50,
32,c,0:06:50,0:06:51,
32,e,0:06:51,0:06:52,
32,f,0:06:52,0:06:53,
32,k,0:06:53,0:06:54,
32,d,0:06:54,0:06:55,
32,n,0:06:55,0:06:56,
32,o,0:06:56,0:06:57,
33,a,0:06:57,0:06:58,
33,j,0:06:58,0:06:59,
33,b,0:06:59,0:07:00,
33,g,0:07:00,0:07:01,
33,h,0:07:01,0:07:02,
33,f,0:07:02,0:07:03,
33,d,0:07:03,0:07:04,
33,n,0:07:04,0:07:05,
33,o,0:07:05,0:07:06,
34,a,0:07:06,0:07:07,
34,c,0:07:07,0:07:08,
34,e,0:07:08,0:07:09,
34,b,0:07:09,0:07:10,
34,c,0:07:10,0:07:11,
34,j,0:07:11,0:07:12,
34,e,0:07:12,0:07:13,
34,c,0:07:13,0:07:14,
34,h,0:07:14,0:07:15,
34,b,0:07:15,0:07:16,
34,f,0:07:16,0:07:17,
34,d,0:07:17,0:07:18,
34,d,0:07:18,0:07:19,
34,n,0:07:19,0:07:20,
34,o,0:07:20,0:07:21,
35,a,0:07:21,0:07:22,
35,b,0:07:22,0:07:23,
35,j,0:07:23,0:07:24,
35,i,0:07:24,0:07:25,
35,g,0:07:25,0:07:26,
35,h,0:07:26,0:07:27,
35,j,0:07:27,0:07:28,
35,k,0:07:28,0:07:29,
35,f,0:07:29,0:07:30,
35,e,0:07:30,0:07:31,
35,m,0:07:31,0:07:32,
35,d,0:07:32,0:07:33,
35,l,0:07:33,0:07:34,
35,n,0:07:34,0:07:35,
35,o,0:07:35,0:07:36,
36,a,0:07:36,0:07:37,
36,c,0:07:37,0:07:38,
36,b,0:07:38,0:07:39,
36,c,0:07:39,0:07:40,
36,g,0:07:40,0:07:41,
36,c,0:07:41,0:07:42,
36,h,0:07:42,0:07:43,
36,d,0:07:43,0:07:44,
36,f,0:07:44,0:07:45,
36,m,0:07:45,0:07:46,
36,d,0:07:46,0:07:47,
36,o,0:07:47,0:07:48,
37,a,0:07:48,0:07:49,
37,e,0:07:49,0:07:50,
37,j,0:07:50,0:07:51,
37,e,0:07:51,0:07:52,
37,b,0:07:52,0:07:53,
37,f,0:07:53,0:07:54,
37,d,0:07:54,0:07:55,
37,n,0:07:55,0:07:56,
37,o,0:07:56,0:07:57,
38,a,0:07:57,0:07:58,
38,c,0:07:58,0:07:59,
38,j,0:07:59,0:08:00,
38,k,0:08:00,0:08:01,
38,h,0:08:01,0:08:02,
38,k,0:08:02,0:08:03,
38,f,0:08:03,0:08:04,
38,e,0:08:04,0:08:05,
38,d,0:08:05,0:08:06,
38,n,0:08:06,0:08:07,
38,o,0:08:07,0:08:08,
39,a,0:08:08,0:08:09,
39,j,0:08:09,0:08:10,
39,i,0:08:10,0:08:11,
39,g,0:08:11,0:08:12,
39,h,0:08:12,0:08:13,
39,k,0:08:13,0:08:14,
39,f,0:08:14,0:08:15,
39,d,0:08:15,0:08:16,
39,l,0:08:16,0:08:17,
39,d,0:08:17,0:08:18,
39,n,0:08:18,0:08:19,
39,m,0:08:19,0:08:20,
39,o,0:08:20,0:08:21,
40,a,0:08:21,0:08:22,
40,e,0:08:22,0:08:23,
40,b,0:08:23,0:08:24,
40,d,0:08:24,0:08:25,
40,h,0:08:25,0:08:26,
40,k,0:08:26,0:08:27,
40,e,0:08:27,0:08:28,
40,f,0:08:28,0:08:29,
40,k,0:08:29,0:08:30,
40,d,0:08:30,0:08:31,
40,l,0:08:31,0:08:32,
40,n,0:08:32,0:08:33,
40,o,0:08:33,0:08:34,
41,a,0:08:34,0:08:35,
41,e,0:08:35,0:08:36,
41,j,0:08:36,0:08:37,
41,c,0:08:37,0:08:38,
41,e,0:08:38,0:08:39,
41,h,0:08:39,0:08:40,
41,c,0:08:40,0:08:41,
41,k,0:08:41,0:08:42,
41,e,0:08:42,0:08:43,
41,d,0:08:43,0:08:44,
41,f,0:08:44,0:08:45,
41,d,0:08:45,0:08:46,
41,d,0:08:46,0:08:47,
41,n,0:08:47,0:08:48,
41,o,0:08:48,0:08:49,
42,a,0:08:49,0:08:50,
42,b,0:08:50,0:08:51,
42,c,0:08:51,0:08:52,
42,c,0:08:52,0:08:53,
42,j,0:08:53,0:08:54,
42,g,0:08:54,0:08:55,
42,e,0:08:55,0:08:56,
42,c,0:08:56,0:08:57,
42,e,0:08:57,0:08:58,
42,e,0:08:58,0:08:59,
42,f,0:08:59,0:09:00,
42,d,0:09:00,0:09:01,
42,n,0:09:01,0:09:02,
42,o,0:09:02,0:09:03,
43,a,0:09:03,0:09:04,
43,e,0:09:04,0:09:05,
43,g,0:09:05,0:09:06,
43,i,0:09:06,0:09:07,
43,h,0:09:07,0:09:08,
43,k,0:09:08,0:09:09,
43,e,0:09:09,0:09:10,
43,e,0:09:10,0:09:11,
43,f,0:09:11,0:09:12,
43,d,0:09:12,0:09:13,
43,n,0:09:13,0:09:14,
43,o,0:09:14,0:09:15,
44,a,0:09:15,0:09:16,
44,e,0:09:16,0:09:17,
44,e,0:09:17,0:09:18,
44,j,0:09:18,0:09:19,
44,b,0:09:19,0:09:20,
44,c,0:09:20,0:09:21,
44,e,0:09:21,0:09:22,
44,h,0:09:22,0:09:23,
44,e,0:09:23,0:09:24,
44,e,0:09:24,0:09:25,
44,f,0:09:25,0:09:26,
44,d,0:09:26,0:09:27,
44,d,0:09:27,0:09:28,
44,e,0:09:28,0:09:29,
44,n,0:09:29,0:09:30,
44,o,0:09:30,0:09:31,
45,a,0:09:31,0:09:32,
45,j,0:09:32,0:09:33,
45,g,0:09:33,0:09:34,
45,h,0:09:34,0:09:35,
45,k,0:09:35,0:09:36,
45,f,0:09:36,0:09:37,
45,n,0:09:37,0:09:38,
45,o,0:09:38,0:09:39,
46,a,0:09:39,0:09:40,
46,e,0:09:40,0:09:41,
46,g,0:09:41,0:09:42,
46,e,0:09:42,0:09:43,
46,h,0:09:43,0:09:44,
46,e,0:09:44,0:09:45,
46,f,0:09:45,0:09:46,
46,d,0:09:46,0:09:47,
46,l,0:09:47,0:09:48,
46,n,0:09:48,0:09:49,
46,m,0:09:49,0:09:50,
46,o,0:09:50,0:09:51,
47,a,0:09:51,0:09:52,
47,e,0:09:52,0:09:53,
47,f,0:09:53,0:09:54,
47,b,0:09:54,0:09:55,
47,g,0:09:55,0:09:56,
47,h,0:09:56,0:09:57,
47,j,0:09:57,0:09:58,
47,f,0:09:58,0:09:59,
47,d,0:09:59,0:10:00,
47,n,0:10:00,0:10:01,
47,d,0:10:01,0:10:02,
47,o,0:10:02,0:10:03,
48,a,0:10:03,0:10:04,
48,e,0:10:04,0:10:05,
48,j,0:10:05,0:10:06,
48,b,0:10:06,0:10:07,
48,i,0:10:07,0:10:08,
48,g,0:10:08,0:10:09,
48,e,0:10:09,0:10:10,
48,e,0:10:10,0:10:11,
48,b,0:10:11,0:10:12,
48,h,0:10:12,0:10:13,
48,c,0:10:13,0:10:14,
48,i,0:10:14,0:10:15,
48,g,0:10:15,0:10:16,
48,d,0:10:16,0:10:17,
48,f,0:10:17,0:10:18,
48,k,0:10:18,0:10:19,
48,i,0:10:19,0:10:20,
48,d,0:10:20,0:10:21,
48,n,0:10:21,0:10:22,
48,o,0:10:22,0:10:23,
49,a,0:10:23,0:10:24,
49,e,0:10:24,0:10:25,
49,j,0:10:25,0:10:26,
49,i,0:10:26,0:10:27,
49,g,0:10:27,0:10:28,
49,i,0:10:28,0:10:29,
49,e,0:10:29,0:10:30,
49,g,0:10:30,0:10:31,
49,f,0:10:31,0:10:32,
49,d,0:10:32,0:10:33,
49,l,0:10:33,0:10:34,
49,n,0:10:34,0:10:35,
49,m,0:10:35,0:10:36,
49,o,0:10:36,0:10:37,
50,a,0:10:37,0:10:38,
50,b,0:10:38,0:10:39,
50,j,0:10:39,0:10:40,
50,g,0:10:40,0:10:41,
50,h,0:10:41,0:10:42,
50,f,0:10:42,0:10:43,
50,c,0:10:43,0:10:44,
50,d,0:10:44,0:10:45,
50,n,0:10:45,0:10:46,
50,m,0:10:46,0:10:47,
50,o,0:10:47,0:10:48,
51,a,0:10:48,0:10:49,
51,e,0:10:49,0:10:50,
51,c,0:10:50,0:10:51,
51,j,0:10:51,0:10:52,
51,g,0:10:52,0:10:53,
51,c,0:10:53,0:10:54,
51,h,0:10:54,0:10:55,
51,k,0:10:55,0:10:56,
51,i,0:10:56,0:10:57,
51,g,0:10:57,0:10:58,
51,d,0:10:58,0:10:59,
51,f,0:10:59,0:11:00,
51,d,0:11:00,0:11:01,
51,c,0:11:01,0:11:02,
51,d,0:11:02,0:11:03,
51,n,0:11:03,0:11:04,
51,o,0:11:04,0:11:05,
52,a,0:11:05,0:11:06,
52,e,0:11:06,0:11:07,
52,j,0:11:07,0:11:08,
52,g,0:11:08,0:11:09,
52,c,0:11:09,0:11:10,
52,k,0:11:10,0:11:11,
52,j,0:11:11,0:11:12,
52,f,0:11:12,0:11:13,
52,e,0:11:13,0:11:14,
52,d,0:11:14,0:11:15,
52,n,0:11:15,0:11:16,
52,o,0:11:16,0:11:17,
53,a,0:11:17,0:11:18,
53,c,0:11:18,0:11:19,
53,b,0:11:19,0:11:20,
53,j,0:11:20,0:11:21,
53,g,0:11:21,0:11:22,
53,e,0:11:22,0:11:23,
53,c,0:11:23,0:11:24,
53,h,0:11:24,0:11:25,
53,k,0:11:25,0:11:26,
53,e,0:11:26,0:11:27,
53,f,0:11:27,0:11:28,
53,e,0:11:28,0:11:29,
53,n,0:11:29,0:11:30,
53,o,0:11:30,0:11:31,
54,a,0:11:31,0:11:32,
54,c,0:11:32,0:11:33,
54,h,0:11:33,0:11:34,
54,e,0:11:34,0:11:35,
54,f,0:11:35,0:11:36,
54,l,0:11:36,0:11:37,
54,n,0:11:37,0:11:38,
54,e,0:11:38,0:11:39,
54,o,0:11:39,0:11:40,
55,a,0:11:40,0:11:41,
55,c,0:11:41,0:11:42,
55,j,0:11:42,0:11:43,
55,c,0:11:43,0:11:44,
55,e,0:11:44,0:11:45,
55,h,0:11:45,0:11:46,
55,e,0:11:46,0:11:47,
55,d,0:11:47,0:11:48,
55,f,0:11:48,0:11:49,
55,n,0:11:49,0:11:50,
55,o,0:11:50,0:11:51,
56,a,0:11:51,0:11:52,
56,g,0:11:52,0:11:53,
56,h,0:11:53,0:11:54,
56,f,0:11:54,0:11:55,
56,d,0:11:55,0:11:56,
56,n,0:11:56,0:11:57,
56,o,0:11:57,0:11:58,
57,a,0:11:58,0:11:59,
57,c,0:11:59,0:12:00,
57,i,0:12:00,0:12:01,
57,g,0:12:01,0:12:02,
57,e,0:12:02,0:12:03,
57,h,0:12:03,0:12:04,
57,f,0:12:04,0:12:05,
57,d,0:12:05,0:12:06,
57,e,0:12:06,0:12:07,
57,d,0:12:07,0:12:08,
57,l,0:12:08,0:12:09,
57,n,0:12:09,0:12:10,
57,o,0:12:10,0:12:11,
58,a,0:12:11,0:12:12,
58,b,0:12:12,0:12:13,
58,c,0:12:13,0:12:14,
58,j,0:12:14,0:12:15,
58,g,0:12:15,0:12:16,
58,e,0:12:16,0:12:17,
58,k,0:12:17,0:12:18,
58,h,0:12:18,0:12:19,
58,f,0:12:19,0:12:20,
58,d,0:12:20,0:12:21,
58,n,0:12:21,0:12:22,
58,o,0:12:22,0:12:23,
59,a,0:12:23,0:12:24,
59,c,0:12:24,0:12:25,
59,j,0:12:25,0:12:26,
59,g,0:12:26,0:12:27,
59,b,0:12:27,0:12:28,
59,c,0:12:28,0:12:29,
59,h,0:12:29,0:12:30,
59,k,0:12:30,0:12:31,
59,e,0:12:31,0:12:32,
59,f,0:12:32,0:12:33,
59,e,0:12:33,0:12:34,
59,d,0:12:34,0:12:35,
59,e,0:12:35,0:12:36,
59,o,0:12:36,0:12:37,
60,a,0:12:37,0:12:38,
60,b,0:12:38,0:12:39,
60,e,0:12:39,0:12:40,
60,g,0:12:40,0:12:41,
60,j,0:12:41,0:12:42,
60,g,0:12:42,0:12:43,
60,h,0:12:43,0:12:44,
60,k,0:12:44,0:12:45,
60,b,0:12:45,0:12:46,
60,j,0:12:46,0:12:47,
60,f,0:12:47,0:12:48,
60,d,0:12:48,0:12:49,
60,n,0:12:49,0:12:50,
60,e,0:12:50,0:12:51,
60,o,0:12:51,0:12:52,
61,a,0:12:52,0:12:53,
61,e,0:12:53,0:12:54,
61,j,0:12:54,0:12:55,
61,g,0:12:55,0:12:56,
61,c,0:12:56,0:12:57,
61,h,0:12:57,0:12:58,
61,i,0:12:58,0:12:59,
61,e,0:12:59,0:13:00,
61,c,0:13:00,0:13:01,
61,f,0:13:01,0:13:02,
61,d,0:13:02,0:13:03,
61,d,0:13:03,0:13:04,
61,o,0:13:04,0:13:05,
62,a,0:13:05,0:13:06,
62,b,0:13:06,0:13:07,
62,c,0:13:07,0:13:08,
62,j,0:13:08,0:13:09,
62,g,0:13:09,0:13:10,
62,h,0:13:10,0:13:11,
62,b,0:13:11,0:13:12,
62,e,0:13:12,0:13:13,
62,f,0:13:13,0:13:14,
62,d,0:13:14,0:13:15,
62,n,0:13:15,0:13:16,
62,e,0:13:16,0:13:17,
62,o,0:13:17,0:13:18,
63,a,0:13:18,0:13:19,
63,i,0:13:19,0:13:20,
63,g,0:13:20,0:13:21,
63,h,0:13:21,0:13:22,
63,f,0:13:22,0:13:23,
63,d,0:13:23,0:13:24,
63,k,0:13:24,0:13:25,
63,d,0:13:25,0:13:26,
63,n,0:13:26,0:13:27,
63,e,0:13:27,0:13:28,
63,o,0:13:28,0:13:29,
64,a,0:13:29,0:13:30,
64,c,0:13:30,0:13:31,
64,e,0:13:31,0:13:32,
64,b,0:13:32,0:13:33,
64,i,0:13:33,0:13:34,
64,g,0:13:34,0:13:35,
64,j,0:13:35,0:13:36,
64,i,0:13:36,0:13:37,
64,g,0:13:37,0:13:38,
64,c,0:13:38,0:13:39,
64,h,0:13:39,0:13:40,
64,b,0:13:40,0:13:41,
64,k,0:13:41,0:13:42,
64,d,0:13:42,0:13:43,
64,g,0:13:43,0:13:44,
64,b,0:13:44,0:13:45,
64,f,0:13:45,0:13:46,
64,n,0:13:46,0:13:47,
64,o,0:13:47,0:13:48,
65,a,0:13:48,0:13:49,
65,h,0:13:49,0:13:50,
65,j,0:13:50,0:13:51,
65,k,0:13:51,0:13:52,
65,h,0:13:52,0:13:53,
65,d,0:13:53,0:13:54,
65,f,0:13:54,0:13:55,
65,k,0:13:55,0:13:56,
65,d,0:13:56,0:13:57,
65,n,0:13:57,0:13:58,
65,o,0:13:58,0:13:59,
66,a,0:13:59,0:14:00,
66,j,0:14:00,0:14:01,
66,b,0:14:01,0:14:02,
66,i,0:14:02,0:14:03,
66,e,0:14:03,0:14:04,
66,e,0:14:04,0:14:05,
66,h,0:14:05,0:14:06,
66,e,0:14:06,0:14:07,
66,f,0:14:07,0:14:08,
66,l,0:14:08,0:14:09,
66,d,0:14:09,0:14:10,
66,n,0:14:10,0:14:11,
66,e,0:14:11,0:14:12,
66,o,0:14:12,0:14:13,
67,a,0:14:13,0:14:14,
67,j,0:14:14,0:14:15,
67,c,0:14:15,0:14:16,
67,i,0:14:16,0:14:17,
67,e,0:14:17,0:14:18,
67,f,0:14:18,0:14:19,
67,k,0:14:19,0:14:20,
67,d,0:14:20,0:14:21,
67,n,0:14:21,0:14:22,
67,o,0:14:22,0:14:23,
68,a,0:14:23,0:14:24,
68,c,0:14:24,0:14:25,
68,c,0:14:25,0:14:26,
68,d,0:14:26,0:14:27,
68,h,0:14:27,0:14:28,
68,e,0:14:28,0:14:29,
68,d,0:14:29,0:14:30,
68,f,0:14:30,0:14:31,
68,d,0:14:31,0:14:32,
68,n,0:14:32,0:14:33,
68,o,0:14:33,0:14:34,
69,a,0:14:34,0:14:35,
69,g,0:14:35,0:14:36,
69,e,0:14:36,0:14:37,
69,d,0:14:37,0:14:38,
69,i,0:14:38,0:14:39,
69,e,0:14:39,0:14:40,
69,d,0:14:40,0:14:41,
69,f,0:14:41,0:14:42,
69,n,0:14:42,0:14:43,
69,o,0:14:43,0:14:44,
70,a,0:14:44,0:14:45,
70,c,0:14:45,0:14:46,
70,j,0:14:46,0:14:47,
70,g,0:14:47,0:14:48,
70,e,0:14:48,0:14:49,
70,d,0:14:49,0:14:50,
70,h,0:14:50,0:14:51,
70,k,0:14:51,0:14:52,
70,f,0:14:52,0:14:53,
70,e,0:14:53,0:14:54,
70,d,0:14:54,0:14:55,
70,n,0:14:55,0:14:56,
70,o,0:14:56,0:14:57,
71,a,0:14:57,0:14:58,
71,c,0:14:58,0:14:59,
71,j,0:14:59,0:15:00,
71,h,0:15:00,0:15:01,
71,k,0:15:01,0:15:02,
71,e,0:15:02,0:15:03,
71,k,0:15:03,0:15:04,
71,f,0:15:04,0:15:05,
71,d,0:15:05,0:15:06,
71,e,0:15:06,0:15:07,
71,o,0:15:07,0:15:08,
72,a,0:15:08,0:15:09,
72,c,0:15:09,0:15:10,
72,j,0:15:10,0:15:11,
72,i,0:15:11,0:15:12,
72,g,0:15:12,0:15:13,
72,c,0:15:13,0:15:14,
72,e,0:15:14,0:15:15,
72,k,0:15:15,0:15:16,
72,f,0:15:16,0:15:17,
72,d,0:15:17,0:15:18,
72,k,0:15:18,0:15:19,
72,d,0:15:19,0:15:20,
72,n,0:15:20,0:15:21,
72,e,0:15:21,0:15:22,
72,o,0:15:22,0:15:23,
73,a,0:15:23,0:15:24,
73,c,0:15:24,0:15:25,
73,e,0:15:25,0:15:26,
73,j,0:15:26,0:15:27,
73,b,0:15:27,0:15:28,
73,g,0:15:28,0:15:29,
73,f,0:15:29,0:15:30,
73,e,0:15:30,0:15:31,
73,d,0:15:31,0:15:32,
73,n,0:15:32,0:15:33,
73,o,0:15:33,0:15:34,
74,a,0:15:34,0:15:35,
74,c,0:15:35,0:15:36,
74,e,0:15:36,0:15:37,
74,b,0:15:37,0:15:38,
74,c,0:15:38,0:15:39,
74,h,0:15:39,0:15:40,
74,i,0:15:40,0:15:41,
74,b,0:15:41,0:15:42,
74,f,0:15:42,0:15:43,
74,d,0:15:43,0:15:44,
74,n,0:15:44,0:15:45,
74,o,0:15:45,0:15:46,
75,a,0:15:46,0:15:47,
75,b,0:15:47,0:15:48,
75,h,0:15:48,0:15:49,
75,j,0:15:49,0:15:50,
75,g,0:15:50,0:15:51,
75,h,0:15:51,0:15:52,
75,c,0:15:52,0:15:53,
75,e,0:15:53,0:15:54,
75,f,0:15:54,0:15:55,
75,d,0:15:55,0:15:56,
75,n,0:15:56,0:15:57,
75,o,0:15:57,0:15:58,
76,a,0:15:58,0:15:59,
76,c,0:15:59,0:16:00,
76,j,0:16:00,0:16:01,
76,c,0:16:01,0:16:02,
76,h,0:16:02,0:16:03,
76,k,0:16:03,0:16:04,
76,g,0:16:04,0:16:05,
76,d,0:16:05,0:16:06,
76,f,0:16:06,0:16:07,
76,d,0:16:07,0:16:08,
76,n,0:16:08,0:16:09,
76,o,0:16:09,0:16:10,
77,a,0:16:10,0:16:11,
77,e,0:16:11,0:16:12,
77,c,0:16:12,0:16:13,
77,d,0:16:13,0:16:14,
77,h,0:16:14,0:16:15,
77,f,0:16:15,0:16:16,
77,l,0:16:16,0:16:17,
77,d,0:16:17,0:16:18,
77,n,0:16:18,0:16:19,
77,e,0:16:19,0:16:20,
77,o,0:16:20,0:16:21,
78,a,0:16:21,0:16:22,
78,e,0:16:22,0:16:23,
78,j,0:16:23,0:16:24,
78,h,0:16:24,0:16:25,
78,l,0:16:25,0:16:26,
78,e,0:16:26,0:16:27,
78,f,0:16:27,0:16:28,
78,d,0:16:28,0:16:29,
78,n,0:16:29,0:16:30,
78,o,0:16:30,0:16:31,
79,a,0:16:31,0:16:32,
79,c,0:16:32,0:16:33,
79,e,0:16:33,0:16:34,
79,g,0:16:34,0:16:35,
79,e,0:16:35,0:16:36,
79,h,0:16:36,0:16:37,
79,f,0:16:37,0:16:38,
79,e,0:16:38,0:16:39,
79,c,0:16:39,0:16:40,
79,d,0:16:40,0:16:41,
79,n,0:16:41,0:16:42,
79,e,0:16:42,0:16:43,
79,l,0:16:43,0:16:44,
79,o,0:16:44,0:16:45,
80,a,0:16:45,0:16:46,
80,e,0:16:46,0:16:47,
80,e,0:16:47,0:16:48,
80,g,0:16:48,0:16:49,
80,d,0:16:49,0:16:50,
80,f,0:16:50,0:16:51,
80,c,0:16:51,0:16:52,
80,d,0:16:52,0:16:53,
80,n,0:16:53,0:16:54,
80,o,0:16:54,0:16:55,
81,a,0:16:55,0:16:56,
81,g,0:16:56,0:16:57,
81,h,0:16:57,0:16:58,
81,d,0:16:58,0:16:59,
81,b,0:16:59,0:17:00,
81,e,0:17:00,0:17:01,
81,j,0:17:01,0:17:02,
81,h,0:17:02,0:17:03,
81,d,0:17:03,0:17:04,
81,n,0:17:04,0:17:05,
81,o,0:17:05,0:17:06,
82,a,0:17:06,0:17:07,
82,c,0:17:07,0:17:08,
82,j,0:17:08,0:17:09,
82,b,0:17:09,0:17:10,
82,i,0:17:10,0:17:11,
82,c,0:17:11,0:17:12,
82,e,0:17:12,0:17:13,
82,g,0:17:13,0:17:14,
82,k,0:17:14,0:17:15,
82,f,0:17:15,0:17:16,
82,d,0:17:16,0:17:17,
82,n,0:17:17,0:17:18,
82,o,0:17:18,0:17:19,
83,a,0:17:19,0:17:20,
83,c,0:17:20,0:17:21,
83,e,0:17:21,0:17:22,
83,e,0:17:22,0:17:23,
83,j,0:17:23,0:17:24,
83,c,0:17:24,0:17:25,
83,h,0:17:25,0:17:26,
83,k,0:17:26,0:17:27,
83,g,0:17:27,0:17:28,
83,f,0:17:28,0:17:29,
83,e,0:17:29,0:17:30,
83,d,0:17:30,0:17:31,
83,n,0:17:31,0:17:32,
83,o,0:17:32,0:17:33,
84,a,0:17:33,0:17:34,
84,e,0:17:34,0:17:35,
84,i,0:17:35,0:17:36,
84,j,0:17:36,0:17:37,
84,b,0:17:37,0:17:38,
84,i,0:17:38,0:17:39,
84,h,0:17:39,0:17:40,
84,k,0:17:40,0:17:41,
84,f,0:17:41,0:17:42,
84,d,0:17:42,0:17:43,
84,d,0:17:43,0:17:44,
84,n,0:17:44,0:17:45,
84,o,0:17:45,0:17:46,
85,a,0:17:46,0:17:47,
85,c,0:17:47,0:17:48,
85,h,0:17:48,0:17:49,
85,d,0:17:49,0:17:50,
85,f,0:17:50,0:17:51,
85,e,0:17:51,0:17:52,
85,d,0:17:52,0:17:53,
85,n,0:17:53,0:17:54,
85,o,0:17:54,0:17:55,
86,a,0:17:55,0:17:56,
86,b,0:17:56,0:17:57,
86,j,0:17:57,0:17:58,
86,e,0:17:58,0:17:59,
86,h,0:17:59,0:18:00,
86,d,0:18:00,0:18:01,
86,f,0:18:01,0:18:02,
86,k,0:18:02,0:18:03,
86,d,0:18:03,0:18:04,
86,n,0:18:04,0:18:05,
86,o,0:18:05,0:18:06,
87,a,0:18:06,0:18:07,
87,j,0:18:07,0:18:08,
87,d,0:18:08,0:18:09,
87,h,0:18:09,0:18:10,
87,k,0:18:10,0:18:11,
87,c,0:18:11,0:18:12,
87,d,0:18:12,0:18:13,
87,f,0:18:13,0:18:14,
87,d,0:18:14,0:18:15,
87,d,0:18:15,0:18:16,
87,n,0:18:16,0:18:17,
87,o,0:18:17,0:18:18,
88,a,0:18:18,0:18:19,
88,c,0:18:19,0:18:20,
88,j,0:18:20,0:18:21,
88,g,0:18:21,0:18:22,
88,b,0:18:22,0:18:23,
88,h,0:18:23,0:18:24,
88,c,0:18:24,0:18:25,
88,f,0:18:25,0:18:26,
88,i,0:18:26,0:18:27,
88,n,0:18:27,0:18:28,
88,o,0:18:28,0:18:29,
89,a,0:18:29,0:18:30,
89,b,0:18:30,0:18:31,
89,e,0:18:31,0:18:32,
89,g,0:18:32,0:18:33,
89,h,0:18:33,0:18:34,
89,k,0:18:34,0:18:35,
89,j,0:18:35,0:18:36,
89,f,0:18:36,0:18:37,
89,i,0:18:37,0:18:38,
89,d,0:18:38,0:18:39,
89,n,0:18:39,0:18:40,
89,l,0:18:40,0:18:41,
89,o,0:18:41,0:18:42,
90,a,0:18:42,0:18:43,
90,e,0:18:43,0:18:44,
90,g,0:18:44,0:18:45,
90,h,0:18:45,0:18:46,
90,i,0:18:46,0:18:47,
90,k,0:18:47,0:18:48,
90,b,0:18:48,0:18:49,
90,k,0:18:49,0:18:50,
90,f,0:18:50,0:18:51,
90,d,0:18:51,0:18:52,
90,n,0:18:52,0:18:53,
90,o,0:18:53,0:18:54,
91,a,0:18:54,0:18:55,
91,c,0:18:55,0:18:56,
91,e,0:18:56,0:18:57,
91,b,0:18:57,0:18:58,
91,j,0:18:58,0:18:59,
91,c,0:18:59,0:19:00,
91,h,0:19:00,0:19:01,
91,j,0:19:01,0:19:02,
91,c,0:19:02,0:19:03,
91,f,0:19:03,0:19:04,
91,d,0:19:04,0:19:05,
91,n,0:19:05,0:19:06,
91,o,0:19:06,0:19:07,
92,a,0:19:07,0:19:08,
92,e,0:19:08,0:19:09,
92,b,0:19:09,0:19:10,
92,i,0:19:10,0:19:11,
92,h,0:19:11,0:19:12,
92,b,0:19:12,0:19:13,
92,d,0:19:13,0:19:14,
92,e,0:19:14,0:19:15,
92,f,0:19:15,0:19:16,
92,e,0:19:16,0:19:17,
92,n,0:19:17,0:19:18,
92,o,0:19:18,0:19:19,
93,a,0:19:19,0:19:20,
93,e,0:19:20,0:19:21,
93,j,0:19:21,0:19:22,
93,c,0:19:22,0:19:23,
93,c,0:19:23,0:19:24,
93,h,0:19:24,0:19:25,
93,f,0:19:25,0:19:26,
93,d,0:19:26,0:19:27,
93,n,0:19:27,0:19:28,
93,o,0:19:28,0:19:29,
94,a,0:19:29,0:19:30,
94,c,0:19:30,0:19:31,
94,h,0:19:31,0:19:32,
94,i,0:19:32,0:19:33,
94,f,0:19:33,0:19:34,
94,n,0:19:34,0:19:35,
94,o,0:19:35,0:19:36,
95,a,0:19:36,0:19:37,
95,c,0:19:37,0:19:38,
95,i,0:19:38,0:19:39,
95,e,0:19:39,0:19:40,
95,h,0:19:40,0:19:41,
95,e,0:19:41,0:19:42,
95,j,0:19:42,0:19:43,
95,f,0:19:43,0:19:44,
95,h,0:19:44,0:19:45,
95,e,0:19:45,0:19:46,
95,d,0:19:46,0:19:47,
95,n,0:19:47,0:19:48,
95,m,0:19:48,0:19:49,
95,o,0:19:49,0:19:50,
96,a,0:19:50,0:19:51,
96,c,0:19:51,0:19:52,
96,e,0:19:52,0:19:53,
96,j,0:19:53,0:19:54,
96,g,0:19:54,0:19:55,
96,e,0:19:55,0:19:56,
96,h,0:19:56,0:19:57,
96,d,0:19:57,0:19:58,
96,b,0:19:58,0:19:59,
96,e,0:19:59,0:20:00,
96,g,0:20:00,0:20:01,
96,f,0:20:01,0:20:02,
96,d,0:20:02,0:20:03,
96,n,0:20:03,0:20:04,
96,o,0:20:04,0:20:05,
97,a,0:20:05,0:20:06,
97,g,0:20:06,0:20:07,
97,e,0:20:07,0:20:08,
97,h,0:20:08,0:20:09,
97,g,0:20:09,0:20:10,
97,f,0:20:10,0:20:11,
97,d,0:20:11,0:20:12,
97,n,0:20:12,0:20:13,
97,d,0:20:13,0:20:14,
97,o,0:20:14,0:20:15,
98,a,0:20:15,0:20:16,
98,e,0:20:16,0:20:17,
98,i,0:20:17,0:20:18,
98,g,0:20:18,0:20:19,
98,e,0:20:19,0:20:20,
98,h,0:20:20,0:20:21,
98,j,0:20:21,0:20:22,
98,f,0:20:22,0:20:23,
98,d,0:20:23,0:20:24,
98,d,0:20:24,0:20:25,
98,n,0:20:25,0:20:26,
98,o,0:20:26,0:20:27,
99,a,0:20:27,0:20:28,
99,e,0:20:28,0:20:29,
99,g,0:20:29,0:20:30,
99,j,0:20:30,0:20:31,
99,b,0:20:31,0:20:32,
99,e,0:20:32,0:20:33,
99,h,0:20:33,0:20:34,
99,b,0:20:34,0:20:35,
99,c,0:20:35,0:20:36,
99,k,0:20:36,0:20:37,
99,f,0:20:37,0:20:38,
99,h,0:20:38,0:20:39,
99,d,0:20:39,0:20:40,
99,n,0:20:40,0:20:41,
99,o,0:20:41,0:20:42,